/*
Navicat MySQL Data Transfer

Source Server         : Localhost
Source Server Version : 50541
Source Host           : localhost:3306
Source Database       : loft-home7

Target Server Type    : MYSQL
Target Server Version : 50541
File Encoding         : 65001

Date: 2015-12-28 20:19:14
*/

SET FOREIGN_KEY_CHECKS=0;

-- ----------------------------
-- Table structure for categories
-- ----------------------------
DROP TABLE IF EXISTS `categories`;
CREATE TABLE `categories` (
  `id` int(10) unsigned NOT NULL AUTO_INCREMENT,
  `name` varchar(100) NOT NULL,
  `title` varchar(100) NOT NULL,
  `meta_keywords` varchar(100) DEFAULT NULL,
  `meta_description` varchar(100) DEFAULT NULL,
  `parent_id` int(10) unsigned DEFAULT NULL,
  PRIMARY KEY (`id`),
  KEY `name` (`name`,`parent_id`)
) ENGINE=InnoDB AUTO_INCREMENT=9 DEFAULT CHARSET=utf8;

-- ----------------------------
-- Records of categories
-- ----------------------------
INSERT INTO `categories` VALUES ('1', 'kitchen', 'Техника для кухни', 'кухня, техника, быт', 'Бытовая техника для кухни', null);
INSERT INTO `categories` VALUES ('2', 'fridge', 'Холодильники и морозильники', 'холодильники, морозильники', 'Хорошие холодильники и морозильники', '1');
INSERT INTO `categories` VALUES ('3', 'big-kitchen-tech', 'Крупная кухонная техника', 'крупная, кухня, техника', 'Очень крупная кухонная техника', '1');
INSERT INTO `categories` VALUES ('4', 'kitchen-tech', 'Кухонная техника', 'кухня, техника', 'Разная кухонная техника', '1');
INSERT INTO `categories` VALUES ('6', 'holodilniki-s-nizhnej-morozilnoj-kameroj', 'Холодильники с нижней морозильной камерой', 'холодильники, нижняя морозильная камера', 'Холодильники с нижней морозильной камерой', '2');
INSERT INTO `categories` VALUES ('7', 'shirokie-holodilniki-s-verhnej-morozilnoj-kameroj', 'Широкие холодильники с верхней морозильной камерой', 'холодильники, верхняя морозильная камера', 'Широкие холодильники с верхней морозильной камерой', '2');
INSERT INTO `categories` VALUES ('8', 'kitchen-accessories', 'Акссесуары для кухни', 'акссесуары, кухня', 'Акссесуары для кухни', null);

-- ----------------------------
-- Table structure for ci_sessions
-- ----------------------------
DROP TABLE IF EXISTS `ci_sessions`;
CREATE TABLE `ci_sessions` (
  `id` varchar(40) NOT NULL,
  `ip_address` varchar(45) NOT NULL,
  `timestamp` int(10) unsigned NOT NULL DEFAULT '0',
  `data` blob NOT NULL,
  PRIMARY KEY (`id`),
  KEY `ci_sessions_timestamp` (`timestamp`)
) ENGINE=InnoDB DEFAULT CHARSET=utf8;

-- ----------------------------
-- Records of ci_sessions
-- ----------------------------
INSERT INTO `ci_sessions` VALUES ('03d676029aed98af22909583a36010fecfc9838e', '127.0.0.1', '1451250455', 0x5F5F63695F6C6173745F726567656E65726174657C693A313435313235303135353B);
INSERT INTO `ci_sessions` VALUES ('0c22e94d8ec4db991c3421c9751489f465df8bcb', '127.0.0.1', '1451247128', 0x5F5F63695F6C6173745F726567656E65726174657C693A313435313234363837343B757365725F69647C733A323A223131223B);
INSERT INTO `ci_sessions` VALUES ('0cb1a49d4eaacd83e4818e574d971670a479ce46', '127.0.0.1', '1451251744', 0x5F5F63695F6C6173745F726567656E65726174657C693A313435313235313438343B757365725F69647C733A323A223131223B);
INSERT INTO `ci_sessions` VALUES ('137fb7e3429718cad7a8d7460339bb5d106d3549', '127.0.0.1', '1451297370', 0x5F5F63695F6C6173745F726567656E65726174657C693A313435313239373130353B636172745F636F6E74656E74737C613A333A7B733A31303A22636172745F746F74616C223B643A32323239303B733A31313A22746F74616C5F6974656D73223B643A313B733A33323A226334636134323338613062393233383230646363353039613666373538343962223B613A373A7B733A323A226964223B733A313A2231223B733A343A226E616D65223B733A39343A22D0A5D0BED0BBD0BED0B4D0B8D0BBD18CD0BDD0B8D0BA20D18120D0BDD0B8D0B6D0BDD0B5D0B920D0BCD0BED180D0BED0B7D0B8D0BBD18CD0BDD0BED0B920D0BAD0B0D0BCD0B5D180D0BED0B920496E646573697420444620343138302057223B733A353A22616C696173223B733A35373A22686F6C6F64696C6E696B2D732D6E697A686E65692D6D6F726F7A696C6E6F692D6B616D65726F692D696E64657369742D64662D343138302D77223B733A333A22717479223B643A313B733A353A227072696365223B643A32323239303B733A353A22726F776964223B733A33323A226334636134323338613062393233383230646363353039613666373538343962223B733A383A22737562746F74616C223B643A32323239303B7D7D);
INSERT INTO `ci_sessions` VALUES ('190413d1d8f09b7dfce5f6ef80a6121c2a02a164', '127.0.0.1', '1451300648', 0x5F5F63695F6C6173745F726567656E65726174657C693A313435313330303436343B636172745F636F6E74656E74737C613A333A7B733A31303A22636172745F746F74616C223B643A333039393030303B733A31313A22746F74616C5F6974656D73223B643A3130303B733A33323A226338316537323864396434633266363336663036376638396363313438363263223B613A373A7B733A323A226964223B733A313A2232223B733A343A226E616D65223B733A3130333A22D0A5D0BED0BBD0BED0B4D0B8D0BBD18CD0BDD0B8D0BA20D18120D0BDD0B8D0B6D0BDD0B5D0B920D0BCD0BED180D0BED0B7D0B8D0BBD18CD0BDD0BED0B920D0BAD0B0D0BCD0B5D180D0BED0B920486F74706F696E742D41726973746F6E20484620353230302057223B733A353A22616C696173223B733A36363A22686F6C6F64696C6E696B2D732D6E697A686E65692D6D6F726F7A696C6E6F692D6B616D65726F692D686F74706F696E742D61726973746F6E2D68662D353230302D77223B733A333A22717479223B643A3130303B733A353A227072696365223B643A33303939303B733A353A22726F776964223B733A33323A226338316537323864396434633266363336663036376638396363313438363263223B733A383A22737562746F74616C223B643A333039393030303B7D7D);
INSERT INTO `ci_sessions` VALUES ('23890d189c4a20f5e785003fe6bdf66f79d6dba2', '127.0.0.1', '1451251118', 0x5F5F63695F6C6173745F726567656E65726174657C693A313435313235303833333B757365725F69647C733A323A223131223B);
INSERT INTO `ci_sessions` VALUES ('23f7cd02ef33a79c4eff86348a9dfaa75c70a800', '127.0.0.1', '1451251375', 0x5F5F63695F6C6173745F726567656E65726174657C693A313435313235313137383B757365725F69647C733A323A223131223B);
INSERT INTO `ci_sessions` VALUES ('2d4bc31ae8b87390ae55cf3cdde15d461715a82e', '127.0.0.1', '1451318501', 0x5F5F63695F6C6173745F726567656E65726174657C693A313435313331383530313B);
INSERT INTO `ci_sessions` VALUES ('2f0575c67212a54c33ba4ecb21cfa2057359f94b', '127.0.0.1', '1451247806', 0x5F5F63695F6C6173745F726567656E65726174657C693A313435313234373635313B757365725F69647C733A323A223131223B);
INSERT INTO `ci_sessions` VALUES ('30d935e878d8d502b85eebdcceb7adcb21b61faf', '127.0.0.1', '1451302608', 0x5F5F63695F6C6173745F726567656E65726174657C693A313435313330323630353B636172745F636F6E74656E74737C613A333A7B733A31303A22636172745F746F74616C223B643A33303939303B733A31313A22746F74616C5F6974656D73223B643A313B733A33323A226338316537323864396434633266363336663036376638396363313438363263223B613A373A7B733A323A226964223B733A313A2232223B733A343A226E616D65223B733A3130333A22D0A5D0BED0BBD0BED0B4D0B8D0BBD18CD0BDD0B8D0BA20D18120D0BDD0B8D0B6D0BDD0B5D0B920D0BCD0BED180D0BED0B7D0B8D0BBD18CD0BDD0BED0B920D0BAD0B0D0BCD0B5D180D0BED0B920486F74706F696E742D41726973746F6E20484620353230302057223B733A353A22616C696173223B733A36363A22686F6C6F64696C6E696B2D732D6E697A686E65692D6D6F726F7A696C6E6F692D6B616D65726F692D686F74706F696E742D61726973746F6E2D68662D353230302D77223B733A333A22717479223B643A313B733A353A227072696365223B643A33303939303B733A353A22726F776964223B733A33323A226338316537323864396434633266363336663036376638396363313438363263223B733A383A22737562746F74616C223B643A33303939303B7D7D);
INSERT INTO `ci_sessions` VALUES ('351f1dbc4c6b17e1658c7f893217eeec66e4bb15', '127.0.0.1', '1451292967', 0x5F5F63695F6C6173745F726567656E65726174657C693A313435313239323936363B);
INSERT INTO `ci_sessions` VALUES ('3a2d51b62ff75cee2c5707785a04ec5883107f4c', '127.0.0.1', '1451296506', 0x5F5F63695F6C6173745F726567656E65726174657C693A313435313239363233373B);
INSERT INTO `ci_sessions` VALUES ('3c077bbff33d7f275d49ffc768de922e1b66a368', '127.0.0.1', '1451299973', 0x5F5F63695F6C6173745F726567656E65726174657C693A313435313239393831353B636172745F636F6E74656E74737C613A333A7B733A31303A22636172745F746F74616C223B643A33303939303B733A31313A22746F74616C5F6974656D73223B643A313B733A33323A226338316537323864396434633266363336663036376638396363313438363263223B613A373A7B733A323A226964223B733A313A2232223B733A343A226E616D65223B733A3130333A22D0A5D0BED0BBD0BED0B4D0B8D0BBD18CD0BDD0B8D0BA20D18120D0BDD0B8D0B6D0BDD0B5D0B920D0BCD0BED180D0BED0B7D0B8D0BBD18CD0BDD0BED0B920D0BAD0B0D0BCD0B5D180D0BED0B920486F74706F696E742D41726973746F6E20484620353230302057223B733A353A22616C696173223B733A36363A22686F6C6F64696C6E696B2D732D6E697A686E65692D6D6F726F7A696C6E6F692D6B616D65726F692D686F74706F696E742D61726973746F6E2D68662D353230302D77223B733A333A22717479223B643A313B733A353A227072696365223B643A33303939303B733A353A22726F776964223B733A33323A226338316537323864396434633266363336663036376638396363313438363263223B733A383A22737562746F74616C223B643A33303939303B7D7D);
INSERT INTO `ci_sessions` VALUES ('471d18d8bf0eb51248abf90df2f06dfae1be925c', '127.0.0.1', '1451301804', 0x5F5F63695F6C6173745F726567656E65726174657C693A313435313330313531343B636172745F636F6E74656E74737C613A333A7B733A31303A22636172745F746F74616C223B643A333039393030303B733A31313A22746F74616C5F6974656D73223B643A3130303B733A33323A226338316537323864396434633266363336663036376638396363313438363263223B613A373A7B733A323A226964223B733A313A2232223B733A343A226E616D65223B733A3130333A22D0A5D0BED0BBD0BED0B4D0B8D0BBD18CD0BDD0B8D0BA20D18120D0BDD0B8D0B6D0BDD0B5D0B920D0BCD0BED180D0BED0B7D0B8D0BBD18CD0BDD0BED0B920D0BAD0B0D0BCD0B5D180D0BED0B920486F74706F696E742D41726973746F6E20484620353230302057223B733A353A22616C696173223B733A36363A22686F6C6F64696C6E696B2D732D6E697A686E65692D6D6F726F7A696C6E6F692D6B616D65726F692D686F74706F696E742D61726973746F6E2D68662D353230302D77223B733A333A22717479223B643A3130303B733A353A227072696365223B643A33303939303B733A353A22726F776964223B733A33323A226338316537323864396434633266363336663036376638396363313438363263223B733A383A22737562746F74616C223B643A333039393030303B7D7D);
INSERT INTO `ci_sessions` VALUES ('510ec71c0c89b9f3eeef5388a35c7a3dc9ef0686', '127.0.0.1', '1451249315', 0x5F5F63695F6C6173745F726567656E65726174657C693A313435313234393036393B757365725F69647C733A323A223131223B);
INSERT INTO `ci_sessions` VALUES ('53b6c38251b57e011143dda7e842ec9cf7d69673', '127.0.0.1', '1451294034', 0x5F5F63695F6C6173745F726567656E65726174657C693A313435313239333831303B636172745F636F6E74656E74737C613A333A7B733A31303A22636172745F746F74616C223B643A3233392E37303030303030303030303030323B733A31313A22746F74616C5F6974656D73223B643A363B733A33323A223131363461353966653032333933376434316531316464663638373162353063223B613A363A7B733A323A226964223B733A31303A22736B755F313233414243223B733A333A22717479223B643A363B733A353A227072696365223B643A33392E3935303030303030303030303030333B733A343A226E616D65223B733A373A22542D5368697274223B733A353A22726F776964223B733A33323A223131363461353966653032333933376434316531316464663638373162353063223B733A383A22737562746F74616C223B643A3233392E37303030303030303030303030323B7D7D);
INSERT INTO `ci_sessions` VALUES ('55e4f61ee8cc77f92ef89e94361fcba23e009fbe', '127.0.0.1', '1451315421', 0x5F5F63695F6C6173745F726567656E65726174657C693A313435313331353235353B);
INSERT INTO `ci_sessions` VALUES ('5ae5720f1659f7727ebf954763e1f40fb54e06a5', '127.0.0.1', '1451318323', 0x5F5F63695F6C6173745F726567656E65726174657C693A313435313331383135393B);
INSERT INTO `ci_sessions` VALUES ('5e3afe5a04395eb2f0537e8e4eee193fc030cea0', '127.0.0.1', '1451295061', 0x5F5F63695F6C6173745F726567656E65726174657C693A313435313239353032393B636172745F636F6E74656E74737C613A333A7B733A31303A22636172745F746F74616C223B643A373735302E333030303030303030303030323B733A31313A22746F74616C5F6974656D73223B643A3139343B733A33323A223131363461353966653032333933376434316531316464663638373162353063223B613A363A7B733A323A226964223B733A31303A22736B755F313233414243223B733A333A22717479223B643A3139343B733A353A227072696365223B643A33392E3935303030303030303030303030333B733A343A226E616D65223B733A373A22542D5368697274223B733A353A22726F776964223B733A33323A223131363461353966653032333933376434316531316464663638373162353063223B733A383A22737562746F74616C223B643A373735302E333030303030303030303030323B7D7D);
INSERT INTO `ci_sessions` VALUES ('67d2775878239240e48d8127fe18b4717c7af4f8', '127.0.0.1', '1451294173', 0x5F5F63695F6C6173745F726567656E65726174657C693A313435313239343136373B636172745F636F6E74656E74737C613A333A7B733A31303A22636172745F746F74616C223B643A343233342E373030303030303030303030373B733A31313A22746F74616C5F6974656D73223B643A3130363B733A33323A223131363461353966653032333933376434316531316464663638373162353063223B613A363A7B733A323A226964223B733A31303A22736B755F313233414243223B733A333A22717479223B643A3130363B733A353A227072696365223B643A33392E3935303030303030303030303030333B733A343A226E616D65223B733A373A22542D5368697274223B733A353A22726F776964223B733A33323A223131363461353966653032333933376434316531316464663638373162353063223B733A383A22737562746F74616C223B643A343233342E373030303030303030303030373B7D7D);
INSERT INTO `ci_sessions` VALUES ('69984621e91f5dd7c5b9b6f99533c00e9b001b17', '127.0.0.1', '1451318033', 0x5F5F63695F6C6173745F726567656E65726174657C693A313435313331373735313B);
INSERT INTO `ci_sessions` VALUES ('69cf764afe9250809ddd502dc19ced1e12e1a697', '127.0.0.1', '1451291915', 0x5F5F63695F6C6173745F726567656E65726174657C693A313435313239313633313B636172745F636F6E74656E74737C613A333A7B733A31303A22636172745F746F74616C223B643A3131392E38353030303030303030303030313B733A31313A22746F74616C5F6974656D73223B643A333B733A33323A223131363461353966653032333933376434316531316464663638373162353063223B613A363A7B733A323A226964223B733A31303A22736B755F313233414243223B733A333A22717479223B643A333B733A353A227072696365223B643A33392E3935303030303030303030303030333B733A343A226E616D65223B733A373A22542D5368697274223B733A353A22726F776964223B733A33323A223131363461353966653032333933376434316531316464663638373162353063223B733A383A22737562746F74616C223B643A3131392E38353030303030303030303030313B7D7D);
INSERT INTO `ci_sessions` VALUES ('724e78c276edbafda413dc846ea3bfd1f3a50e73', '127.0.0.1', '1451301173', 0x5F5F63695F6C6173745F726567656E65726174657C693A313435313330303837343B636172745F636F6E74656E74737C613A333A7B733A31303A22636172745F746F74616C223B643A333039393030303B733A31313A22746F74616C5F6974656D73223B643A3130303B733A33323A226338316537323864396434633266363336663036376638396363313438363263223B613A373A7B733A323A226964223B733A313A2232223B733A343A226E616D65223B733A3130333A22D0A5D0BED0BBD0BED0B4D0B8D0BBD18CD0BDD0B8D0BA20D18120D0BDD0B8D0B6D0BDD0B5D0B920D0BCD0BED180D0BED0B7D0B8D0BBD18CD0BDD0BED0B920D0BAD0B0D0BCD0B5D180D0BED0B920486F74706F696E742D41726973746F6E20484620353230302057223B733A353A22616C696173223B733A36363A22686F6C6F64696C6E696B2D732D6E697A686E65692D6D6F726F7A696C6E6F692D6B616D65726F692D686F74706F696E742D61726973746F6E2D68662D353230302D77223B733A333A22717479223B643A3130303B733A353A227072696365223B643A33303939303B733A353A22726F776964223B733A33323A226338316537323864396434633266363336663036376638396363313438363263223B733A383A22737562746F74616C223B643A333039393030303B7D7D);
INSERT INTO `ci_sessions` VALUES ('791ba87829edc40f7f13b15fafc52f0c5f777ed9', '127.0.0.1', '1451248385', 0x5F5F63695F6C6173745F726567656E65726174657C693A313435313234383337333B757365725F69647C733A323A223131223B);
INSERT INTO `ci_sessions` VALUES ('79c4559c6a1af8f5e7d2f0de4a63ddc0f42724a7', '127.0.0.1', '1451291613', 0x5F5F63695F6C6173745F726567656E65726174657C693A313435313239313332363B);
INSERT INTO `ci_sessions` VALUES ('7f4eb8b5444db733c172fe4f3bcb7356d4b21fe6', '127.0.0.1', '1451296144', 0x5F5F63695F6C6173745F726567656E65726174657C693A313435313239353838383B636172745F636F6E74656E74737C613A333A7B733A31303A22636172745F746F74616C223B643A34393939303B733A31313A22746F74616C5F6974656D73223B643A313B733A33323A226534646133623766626263653233343564373737326230363734613331386435223B613A363A7B733A323A226964223B733A313A2235223B733A343A226E616D65223B733A39333A22D0A5D0BED0BBD0BED0B4D0B8D0BBD18CD0BDD0B8D0BA20D18120D0BDD0B8D0B6D0BDD0B5D0B920D0BCD0BED180D0BED0B7D0B8D0BBD18CD0BDD0BED0B920D0BAD0B0D0BCD0B5D180D0BED0B920426F736368204B474E33395649313552223B733A333A22717479223B643A313B733A353A227072696365223B643A34393939303B733A353A22726F776964223B733A33323A226534646133623766626263653233343564373737326230363734613331386435223B733A383A22737562746F74616C223B643A34393939303B7D7D);
INSERT INTO `ci_sessions` VALUES ('815fb622258c3f50ef84dadd62545028168230d5', '127.0.0.1', '1451241729', 0x5F5F63695F6C6173745F726567656E65726174657C693A313435313330333238393B757365725F69647C733A323A223131223B);
INSERT INTO `ci_sessions` VALUES ('82879abb8a629295c2bffb2246871557e057d4d7', '127.0.0.1', '1451319515', 0x5F5F63695F6C6173745F726567656E65726174657C693A313435313331393235383B);
INSERT INTO `ci_sessions` VALUES ('85645122318206b9aab973674226d3ebc1925da8', '127.0.0.1', '1451292304', 0x5F5F63695F6C6173745F726567656E65726174657C693A313435313239323134303B);
INSERT INTO `ci_sessions` VALUES ('8626af95cb01519852e0a07eb2737379ddef4086', '127.0.0.1', '1451250464', 0x5F5F63695F6C6173745F726567656E65726174657C693A313435313235303435373B757365725F69647C733A323A223131223B);
INSERT INTO `ci_sessions` VALUES ('862830551e8c281f7cb1102e38f0b28343711184', '127.0.0.1', '1451248228', 0x5F5F63695F6C6173745F726567656E65726174657C693A313435313234383033353B757365725F69647C733A323A223131223B);
INSERT INTO `ci_sessions` VALUES ('87402afac645966046558424cbbfde3f3c2f6d70', '127.0.0.1', '1451250001', 0x5F5F63695F6C6173745F726567656E65726174657C693A313435313234393733323B757365725F69647C733A323A223131223B);
INSERT INTO `ci_sessions` VALUES ('8b2f5a9719f1e1837d1e2934582807a573be5c66', '127.0.0.1', '1451292576', 0x5F5F63695F6C6173745F726567656E65726174657C693A313435313239323536373B);
INSERT INTO `ci_sessions` VALUES ('8c9b82a05db8f05de6575d0a83951ba5ad1ceabc', '127.0.0.1', '1451302590', 0x5F5F63695F6C6173745F726567656E65726174657C693A313435313330323330343B636172745F636F6E74656E74737C613A333A7B733A31303A22636172745F746F74616C223B643A33303939303B733A31313A22746F74616C5F6974656D73223B643A313B733A33323A226338316537323864396434633266363336663036376638396363313438363263223B613A373A7B733A323A226964223B733A313A2232223B733A343A226E616D65223B733A3130333A22D0A5D0BED0BBD0BED0B4D0B8D0BBD18CD0BDD0B8D0BA20D18120D0BDD0B8D0B6D0BDD0B5D0B920D0BCD0BED180D0BED0B7D0B8D0BBD18CD0BDD0BED0B920D0BAD0B0D0BCD0B5D180D0BED0B920486F74706F696E742D41726973746F6E20484620353230302057223B733A353A22616C696173223B733A36363A22686F6C6F64696C6E696B2D732D6E697A686E65692D6D6F726F7A696C6E6F692D6B616D65726F692D686F74706F696E742D61726973746F6E2D68662D353230302D77223B733A333A22717479223B643A313B733A353A227072696365223B643A33303939303B733A353A22726F776964223B733A33323A226338316537323864396434633266363336663036376638396363313438363263223B733A383A22737562746F74616C223B643A33303939303B7D7D);
INSERT INTO `ci_sessions` VALUES ('9569e1598f73704f5a6e193cfe5608744551e28a', '127.0.0.1', '1451296672', 0x5F5F63695F6C6173745F726567656E65726174657C693A313435313239363534343B636172745F636F6E74656E74737C613A333A7B733A31303A22636172745F746F74616C223B643A32323239303B733A31313A22746F74616C5F6974656D73223B643A313B733A33323A226334636134323338613062393233383230646363353039613666373538343962223B613A373A7B733A323A226964223B733A313A2231223B733A343A226E616D65223B733A39343A22D0A5D0BED0BBD0BED0B4D0B8D0BBD18CD0BDD0B8D0BA20D18120D0BDD0B8D0B6D0BDD0B5D0B920D0BCD0BED180D0BED0B7D0B8D0BBD18CD0BDD0BED0B920D0BAD0B0D0BCD0B5D180D0BED0B920496E646573697420444620343138302057223B733A353A22616C696173223B733A35373A22686F6C6F64696C6E696B2D732D6E697A686E65692D6D6F726F7A696C6E6F692D6B616D65726F692D696E64657369742D64662D343138302D77223B733A333A22717479223B643A313B733A353A227072696365223B643A32323239303B733A353A22726F776964223B733A33323A226334636134323338613062393233383230646363353039613666373538343962223B733A383A22737562746F74616C223B643A32323239303B7D7D);
INSERT INTO `ci_sessions` VALUES ('a23fd12524a3a349f92afffbd6128600c04c6813', '127.0.0.1', '1451290903', 0x5F5F63695F6C6173745F726567656E65726174657C693A313435313239303632353B);
INSERT INTO `ci_sessions` VALUES ('a9e3a39c30f034ecadd171a65bbb3f519edc62cb', '127.0.0.1', '1451246398', 0x5F5F63695F6C6173745F726567656E65726174657C693A313435313234363339373B);
INSERT INTO `ci_sessions` VALUES ('ab765edb1b0089064e03ada6a6e647beac69c2e0', '127.0.0.1', '1451301402', 0x5F5F63695F6C6173745F726567656E65726174657C693A313435313330313139323B636172745F636F6E74656E74737C613A333A7B733A31303A22636172745F746F74616C223B643A333039393030303B733A31313A22746F74616C5F6974656D73223B643A3130303B733A33323A226338316537323864396434633266363336663036376638396363313438363263223B613A373A7B733A323A226964223B733A313A2232223B733A343A226E616D65223B733A3130333A22D0A5D0BED0BBD0BED0B4D0B8D0BBD18CD0BDD0B8D0BA20D18120D0BDD0B8D0B6D0BDD0B5D0B920D0BCD0BED180D0BED0B7D0B8D0BBD18CD0BDD0BED0B920D0BAD0B0D0BCD0B5D180D0BED0B920486F74706F696E742D41726973746F6E20484620353230302057223B733A353A22616C696173223B733A36363A22686F6C6F64696C6E696B2D732D6E697A686E65692D6D6F726F7A696C6E6F692D6B616D65726F692D686F74706F696E742D61726973746F6E2D68662D353230302D77223B733A333A22717479223B643A3130303B733A353A227072696365223B643A33303939303B733A353A22726F776964223B733A33323A226338316537323864396434633266363336663036376638396363313438363263223B733A383A22737562746F74616C223B643A333039393030303B7D7D);
INSERT INTO `ci_sessions` VALUES ('add659a0d3daefe699ac5c7237b58ab3710b96b5', '127.0.0.1', '1451291236', 0x5F5F63695F6C6173745F726567656E65726174657C693A313435313239303938323B);
INSERT INTO `ci_sessions` VALUES ('b271674c7bcf9c08994a116651a24728bee71a41', '127.0.0.1', '1451293477', 0x5F5F63695F6C6173745F726567656E65726174657C693A313435313239333436393B);
INSERT INTO `ci_sessions` VALUES ('c9f940a8f6051fad86c2127cc31cf751b6d21d7a', '127.0.0.1', '1451300275', 0x5F5F63695F6C6173745F726567656E65726174657C693A313435313330303136313B636172745F636F6E74656E74737C613A333A7B733A31303A22636172745F746F74616C223B643A33303939303B733A31313A22746F74616C5F6974656D73223B643A313B733A33323A226338316537323864396434633266363336663036376638396363313438363263223B613A373A7B733A323A226964223B733A313A2232223B733A343A226E616D65223B733A3130333A22D0A5D0BED0BBD0BED0B4D0B8D0BBD18CD0BDD0B8D0BA20D18120D0BDD0B8D0B6D0BDD0B5D0B920D0BCD0BED180D0BED0B7D0B8D0BBD18CD0BDD0BED0B920D0BAD0B0D0BCD0B5D180D0BED0B920486F74706F696E742D41726973746F6E20484620353230302057223B733A353A22616C696173223B733A36363A22686F6C6F64696C6E696B2D732D6E697A686E65692D6D6F726F7A696C6E6F692D6B616D65726F692D686F74706F696E742D61726973746F6E2D68662D353230302D77223B733A333A22717479223B643A313B733A353A227072696365223B643A33303939303B733A353A22726F776964223B733A33323A226338316537323864396434633266363336663036376638396363313438363263223B733A383A22737562746F74616C223B643A33303939303B7D7D);
INSERT INTO `ci_sessions` VALUES ('d9cd041a4631f78a860508371233d40064b4d3c3', '127.0.0.1', '1451251906', 0x5F5F63695F6C6173745F726567656E65726174657C693A313435313235313738353B757365725F69647C733A323A223131223B);
INSERT INTO `ci_sessions` VALUES ('dcb0ceaca6982d088e9b18bfaeb2929c2acf7e5d', '127.0.0.1', '1451294710', 0x5F5F63695F6C6173745F726567656E65726174657C693A313435313239343438313B636172745F636F6E74656E74737C613A333A7B733A31303A22636172745F746F74616C223B643A373735302E333030303030303030303030323B733A31313A22746F74616C5F6974656D73223B643A3139343B733A33323A223131363461353966653032333933376434316531316464663638373162353063223B613A363A7B733A323A226964223B733A31303A22736B755F313233414243223B733A333A22717479223B643A3139343B733A353A227072696365223B643A33392E3935303030303030303030303030333B733A343A226E616D65223B733A373A22542D5368697274223B733A353A22726F776964223B733A33323A223131363461353966653032333933376434316531316464663638373162353063223B733A383A22737562746F74616C223B643A373735302E333030303030303030303030323B7D7D);
INSERT INTO `ci_sessions` VALUES ('eaed2a14154ee53544ef808f89993d930d76127e', '127.0.0.1', '1451317363', 0x5F5F63695F6C6173745F726567656E65726174657C693A313435313331373037303B);
INSERT INTO `ci_sessions` VALUES ('ebf6cd0f2350cc7cbb8d1cd46f0dad6964af1501', '127.0.0.1', '1451249061', 0x5F5F63695F6C6173745F726567656E65726174657C693A313435313234383736353B757365725F69647C733A323A223131223B);
INSERT INTO `ci_sessions` VALUES ('ec588b4606ff97a7a84b52f5db8a43ec16db352d', '127.0.0.1', '1451317662', 0x5F5F63695F6C6173745F726567656E65726174657C693A313435313331373430323B);
INSERT INTO `ci_sessions` VALUES ('ef12a5960104a3f4585bdc630c17dc4e0cba4a4a', '127.0.0.1', '1451290514', 0x5F5F63695F6C6173745F726567656E65726174657C693A313435313239303236333B);
INSERT INTO `ci_sessions` VALUES ('f497ebe17f2e58e3d135e23f0441e63b2d426b95', '127.0.0.1', '1451295527', 0x5F5F63695F6C6173745F726567656E65726174657C693A313435313239353530393B636172745F636F6E74656E74737C613A333A7B733A31303A22636172745F746F74616C223B643A3330393930303B733A31313A22746F74616C5F6974656D73223B643A31303B733A33323A226338316537323864396434633266363336663036376638396363313438363263223B613A363A7B733A323A226964223B733A313A2232223B733A343A226E616D65223B733A3130333A22D0A5D0BED0BBD0BED0B4D0B8D0BBD18CD0BDD0B8D0BA20D18120D0BDD0B8D0B6D0BDD0B5D0B920D0BCD0BED180D0BED0B7D0B8D0BBD18CD0BDD0BED0B920D0BAD0B0D0BCD0B5D180D0BED0B920486F74706F696E742D41726973746F6E20484620353230302057223B733A333A22717479223B643A31303B733A353A227072696365223B643A33303939303B733A353A22726F776964223B733A33323A226338316537323864396434633266363336663036376638396363313438363263223B733A383A22737562746F74616C223B643A3330393930303B7D7D);
INSERT INTO `ci_sessions` VALUES ('f74de59f1f7a3bf71e9a9f9cbbd1615256eabdb2', '127.0.0.1', '1451315591', 0x5F5F63695F6C6173745F726567656E65726174657C693A313435313331353539313B);
INSERT INTO `ci_sessions` VALUES ('f8a62e6704d9243f5d3b9ad188f1efdb4287994a', '127.0.0.1', '1451302005', 0x5F5F63695F6C6173745F726567656E65726174657C693A313435313330313837333B);

-- ----------------------------
-- Table structure for delivery_methods
-- ----------------------------
DROP TABLE IF EXISTS `delivery_methods`;
CREATE TABLE `delivery_methods` (
  `id` int(10) unsigned NOT NULL AUTO_INCREMENT,
  `name` varchar(50) NOT NULL,
  PRIMARY KEY (`id`)
) ENGINE=InnoDB AUTO_INCREMENT=4 DEFAULT CHARSET=utf8;

-- ----------------------------
-- Records of delivery_methods
-- ----------------------------
INSERT INTO `delivery_methods` VALUES ('1', 'Самовывоз');
INSERT INTO `delivery_methods` VALUES ('2', 'Курьер');
INSERT INTO `delivery_methods` VALUES ('3', 'Почта России');

-- ----------------------------
-- Table structure for information
-- ----------------------------
DROP TABLE IF EXISTS `information`;
CREATE TABLE `information` (
  `id` int(10) unsigned NOT NULL AUTO_INCREMENT,
  `name` varchar(50) NOT NULL,
  `h1` varchar(50) NOT NULL,
  `title` varchar(50) NOT NULL,
  `meta_keywords` varchar(200) DEFAULT NULL,
  `meta_description` varchar(200) DEFAULT NULL,
  `text` text,
  PRIMARY KEY (`id`),
  KEY `name` (`name`)
) ENGINE=InnoDB AUTO_INCREMENT=4 DEFAULT CHARSET=utf8;

-- ----------------------------
-- Records of information
-- ----------------------------
INSERT INTO `information` VALUES ('1', 'payments', 'Способы оплаты', 'Способы оплаты', 'оплата, visa, qiwi', 'Описание способов оплаты товаров из нашего интернет-каталога', 'Оплата-оплата-оплата');
INSERT INTO `information` VALUES ('2', 'about', 'О нас', 'О нас', 'каталог, loftschool, php', 'Про нашу самую лучшую компанию', 'Мы - это мы!');
INSERT INTO `information` VALUES ('3', 'contacts', 'Контакты', 'Контакты', 'контакты', 'Контакты компании', 'Позвоните нам!');

-- ----------------------------
-- Table structure for manufacturers
-- ----------------------------
DROP TABLE IF EXISTS `manufacturers`;
CREATE TABLE `manufacturers` (
  `id` int(10) unsigned NOT NULL AUTO_INCREMENT,
  `name` varchar(100) NOT NULL,
  PRIMARY KEY (`id`)
) ENGINE=InnoDB AUTO_INCREMENT=6 DEFAULT CHARSET=utf8;

-- ----------------------------
-- Records of manufacturers
-- ----------------------------
INSERT INTO `manufacturers` VALUES ('1', 'Indesit');
INSERT INTO `manufacturers` VALUES ('2', 'Hotpoint-Ariston');
INSERT INTO `manufacturers` VALUES ('3', 'LG');
INSERT INTO `manufacturers` VALUES ('4', 'Bosch');
INSERT INTO `manufacturers` VALUES ('5', 'Samsung');

-- ----------------------------
-- Table structure for orders
-- ----------------------------
DROP TABLE IF EXISTS `orders`;
CREATE TABLE `orders` (
  `id` int(10) unsigned NOT NULL AUTO_INCREMENT,
  `user_id` int(10) unsigned NOT NULL,
  `status` int(11) unsigned NOT NULL,
  `delivery` int(10) unsigned NOT NULL,
  `payment` int(11) unsigned NOT NULL,
  `date_reg` datetime NOT NULL,
  `date_update` datetime NOT NULL,
  PRIMARY KEY (`id`),
  KEY `user_id` (`user_id`),
  KEY `delivery` (`delivery`),
  KEY `payment` (`payment`),
  KEY `status` (`status`),
  CONSTRAINT `orders_ibfk_1` FOREIGN KEY (`user_id`) REFERENCES `users` (`id`) ON DELETE CASCADE ON UPDATE CASCADE,
  CONSTRAINT `orders_ibfk_2` FOREIGN KEY (`delivery`) REFERENCES `delivery_methods` (`id`) ON DELETE CASCADE ON UPDATE CASCADE,
  CONSTRAINT `orders_ibfk_3` FOREIGN KEY (`payment`) REFERENCES `payments_methods` (`id`) ON DELETE CASCADE ON UPDATE CASCADE,
  CONSTRAINT `orders_ibfk_4` FOREIGN KEY (`status`) REFERENCES `orders_status` (`id`) ON DELETE CASCADE ON UPDATE CASCADE
) ENGINE=InnoDB AUTO_INCREMENT=25 DEFAULT CHARSET=utf8;

-- ----------------------------
-- Records of orders
-- ----------------------------
INSERT INTO `orders` VALUES ('2', '11', '1', '1', '3', '2015-12-27 20:27:36', '2015-12-27 20:27:36');
INSERT INTO `orders` VALUES ('3', '11', '1', '1', '3', '2015-12-27 20:28:00', '2015-12-27 20:28:00');
INSERT INTO `orders` VALUES ('4', '11', '1', '2', '2', '2015-12-27 20:40:21', '2015-12-27 20:40:21');
INSERT INTO `orders` VALUES ('5', '11', '1', '2', '4', '2015-12-27 20:44:34', '2015-12-27 20:44:34');
INSERT INTO `orders` VALUES ('6', '11', '1', '2', '2', '2015-12-27 20:49:20', '2015-12-27 20:49:20');
INSERT INTO `orders` VALUES ('7', '11', '1', '2', '3', '2015-12-27 20:52:41', '2015-12-27 20:52:41');
INSERT INTO `orders` VALUES ('8', '11', '1', '1', '3', '2015-12-27 20:53:51', '2015-12-27 20:53:51');
INSERT INTO `orders` VALUES ('9', '11', '1', '1', '1', '2015-12-27 20:54:22', '2015-12-27 20:54:22');
INSERT INTO `orders` VALUES ('10', '11', '1', '3', '2', '2015-12-27 21:05:11', '2015-12-27 21:05:11');
INSERT INTO `orders` VALUES ('11', '11', '1', '3', '2', '2015-12-27 21:05:41', '2015-12-27 21:05:41');
INSERT INTO `orders` VALUES ('12', '11', '1', '2', '1', '2015-12-27 21:06:29', '2015-12-27 21:06:29');
INSERT INTO `orders` VALUES ('13', '11', '1', '1', '2', '2015-12-27 21:07:27', '2015-12-27 21:07:27');
INSERT INTO `orders` VALUES ('14', '11', '1', '2', '4', '2015-12-27 21:07:50', '2015-12-27 21:07:50');
INSERT INTO `orders` VALUES ('15', '11', '1', '2', '3', '2015-12-27 21:08:55', '2015-12-27 21:08:55');
INSERT INTO `orders` VALUES ('16', '11', '1', '2', '3', '2015-12-27 21:12:57', '2015-12-27 21:12:57');
INSERT INTO `orders` VALUES ('17', '11', '1', '2', '3', '2015-12-27 21:13:03', '2015-12-27 21:13:03');
INSERT INTO `orders` VALUES ('18', '11', '1', '2', '3', '2015-12-27 21:18:14', '2015-12-27 21:18:14');
INSERT INTO `orders` VALUES ('19', '11', '1', '2', '3', '2015-12-27 21:22:46', '2015-12-27 21:22:46');
INSERT INTO `orders` VALUES ('20', '11', '1', '2', '3', '2015-12-27 21:23:03', '2015-12-27 21:23:03');
INSERT INTO `orders` VALUES ('21', '11', '1', '2', '3', '2015-12-27 21:27:48', '2015-12-27 21:27:48');
INSERT INTO `orders` VALUES ('22', '11', '1', '2', '3', '2015-12-27 21:28:05', '2015-12-27 21:28:05');
INSERT INTO `orders` VALUES ('23', '11', '1', '2', '3', '2015-12-27 21:32:24', '2015-12-27 21:32:24');
INSERT INTO `orders` VALUES ('24', '11', '1', '2', '3', '2015-12-27 21:33:44', '2015-12-27 21:33:44');

-- ----------------------------
-- Table structure for orders_content
-- ----------------------------
DROP TABLE IF EXISTS `orders_content`;
CREATE TABLE `orders_content` (
  `id` int(10) unsigned NOT NULL AUTO_INCREMENT,
  `order_id` int(11) NOT NULL,
  `product_id` int(10) unsigned NOT NULL,
  `price` float(5,0) NOT NULL,
  `count` int(3) NOT NULL,
  PRIMARY KEY (`id`)
) ENGINE=InnoDB AUTO_INCREMENT=11 DEFAULT CHARSET=utf8;

-- ----------------------------
-- Records of orders_content
-- ----------------------------
INSERT INTO `orders_content` VALUES ('1', '6', '2', '30990', '1');
INSERT INTO `orders_content` VALUES ('2', '7', '2', '30990', '1');
INSERT INTO `orders_content` VALUES ('3', '8', '4', '36990', '1');
INSERT INTO `orders_content` VALUES ('4', '9', '4', '36990', '1');
INSERT INTO `orders_content` VALUES ('5', '10', '2', '30990', '1');
INSERT INTO `orders_content` VALUES ('6', '11', '2', '30990', '1');
INSERT INTO `orders_content` VALUES ('7', '12', '2', '30990', '1');
INSERT INTO `orders_content` VALUES ('8', '13', '2', '30990', '1');
INSERT INTO `orders_content` VALUES ('9', '14', '2', '30990', '1');
INSERT INTO `orders_content` VALUES ('10', '15', '3', '78990', '1');

-- ----------------------------
-- Table structure for orders_status
-- ----------------------------
DROP TABLE IF EXISTS `orders_status`;
CREATE TABLE `orders_status` (
  `id` int(10) unsigned NOT NULL AUTO_INCREMENT,
  `name` varchar(50) NOT NULL,
  PRIMARY KEY (`id`)
) ENGINE=InnoDB AUTO_INCREMENT=2 DEFAULT CHARSET=utf8;

-- ----------------------------
-- Records of orders_status
-- ----------------------------
INSERT INTO `orders_status` VALUES ('1', 'Новый');

-- ----------------------------
-- Table structure for payments_methods
-- ----------------------------
DROP TABLE IF EXISTS `payments_methods`;
CREATE TABLE `payments_methods` (
  `id` int(10) unsigned NOT NULL AUTO_INCREMENT,
  `name` varchar(50) NOT NULL,
  PRIMARY KEY (`id`)
) ENGINE=InnoDB AUTO_INCREMENT=5 DEFAULT CHARSET=utf8;

-- ----------------------------
-- Records of payments_methods
-- ----------------------------
INSERT INTO `payments_methods` VALUES ('1', 'Оплата при получении');
INSERT INTO `payments_methods` VALUES ('2', 'Наложенный платеж');
INSERT INTO `payments_methods` VALUES ('3', 'Платежные системы (онлайн)');
INSERT INTO `payments_methods` VALUES ('4', 'Оплата курьеру');

-- ----------------------------
-- Table structure for products
-- ----------------------------
DROP TABLE IF EXISTS `products`;
CREATE TABLE `products` (
  `id` int(10) unsigned NOT NULL AUTO_INCREMENT,
  `sku` varchar(25) NOT NULL,
  `name` varchar(200) NOT NULL,
  `h1` varchar(200) NOT NULL,
  `title` varchar(200) NOT NULL,
  `meta_keywords` text,
  `meta_description` text,
  `price` float(5,0) NOT NULL,
  `image` varchar(100) DEFAULT NULL,
  `description` text,
  `manufacturer_id` int(10) unsigned DEFAULT NULL,
  PRIMARY KEY (`id`),
  KEY `name` (`name`),
  KEY `manufacturer_id` (`manufacturer_id`),
  CONSTRAINT `products_ibfk_1` FOREIGN KEY (`manufacturer_id`) REFERENCES `manufacturers` (`id`) ON DELETE CASCADE ON UPDATE CASCADE
) ENGINE=InnoDB AUTO_INCREMENT=8 DEFAULT CHARSET=utf8;

-- ----------------------------
-- Records of products
-- ----------------------------
INSERT INTO `products` VALUES ('1', '11111-1111', 'holodilnik-s-nizhnei-morozilnoi-kameroi-indesit-df-4180-w', 'Холодильник с нижней морозильной камерой Indesit DF 4180 W', 'Холодильник с нижней морозильной камерой Indesit DF 4180 W', 'Indesit DF 4180 W купить, Indesit DF 4180 W цена, Indesit DF 4180 W Москва', 'Купить Холодильник с нижней морозильной камерой Indesit DF 4180 W', '22290', '/images/products/holodilnik-s-nizhnei-morozilnoi-kameroi-indesit-df-4180-w.jpg', 'Холодильник — устройство, поддерживающее низкую температуру в теплоизолированной камере. Применяется обычно для хранения пищи или предметов, требующих хранения в прохладном месте (лекарства, косметика). Бытовой холодильник имеется почти в каждой семье развитых стран. Работа холодильника основана на использовании теплового насоса, переносящего тепло из рабочей камеры холодильника наружу, где оно рассеивается во внешнюю среду. Существуют также промышленные холодильники, объём рабочей камеры которых, может достигать десятков и сотен кубометров, они используются, например, на предприятиях общественного питания, мясокомбинатах, промышленных производствах.', '1');
INSERT INTO `products` VALUES ('2', '11111-1112', 'holodilnik-s-nizhnei-morozilnoi-kameroi-hotpoint-ariston-hf-5200-w', 'Холодильник с нижней морозильной камерой Hotpoint-Ariston HF 5200 W', 'Холодильник с нижней морозильной камерой Hotpoint-Ariston HF 5200 W', 'Hotpoint-Ariston HF 5200 W купить, Hotpoint-Ariston HF 5200 W цена', 'Купить Холодильник с нижней морозильной камерой Hotpoint-Ariston HF 5200 W по доступной цене', '30990', '/images/products/holodilnik-s-nizhnei-morozilnoi-kameroi-hotpoint-ariston-hf-5200-w.jpg', 'Холодильник — устройство, поддерживающее низкую температуру в теплоизолированной камере. Применяется обычно для хранения пищи или предметов, требующих хранения в прохладном месте (лекарства, косметика). Бытовой холодильник имеется почти в каждой семье развитых стран. Работа холодильника основана на использовании теплового насоса, переносящего тепло из рабочей камеры холодильника наружу, где оно рассеивается во внешнюю среду. Существуют также промышленные холодильники, объём рабочей камеры которых, может достигать десятков и сотен кубометров, они используются, например, на предприятиях общественного питания, мясокомбинатах, промышленных производствах.', '2');
INSERT INTO `products` VALUES ('3', '11111-1113', 'holodilnik-s-verhnei-morozilnoi-kameroi-shirokii-lg-gn-m702hmhm', 'Холодильник с верхней морозильной камерой Широкий LG GN-M702HMHM', 'Холодильник с верхней морозильной камерой Широкий LG GN-M702HMHM', 'LG GN-M702HMHM купить, LG GN-M702HMHM цена, LG GN-M702HMHM Москва, Холодильник с верхней морозильной камерой Широкий LG GN-M702HMHM интернет магазин, LG GN-M702HMHM продажа, LG GN-M702HMHM заказ, LG GN-M702HMHM доставка, LG GN-M702HMHM в подарок, LG GN-M702HMHM в кредит, LG GN-M702HMHM аксессуары, LG GN-M702HMHM отзывы, LG GN-M702HMHM описание, LG GN-M702HMHM фото, LG GN-M702HMHM инструкции', 'Купить Холодильник с верхней морозильной камерой Широкий LG GN-M702HMHM по доступной цене в интернет-магазине или в розничной сети магазинов города в Москве. LG GN-M702HMHM - аксессуары, отзывы, описание, фото, инструкция.', '78990', '/images/products/holodilnik-s-verhnei-morozilnoi-kameroi-shirokii-lg-gn-m702hmhm.jpg', 'Холодильник — устройство, поддерживающее низкую температуру в теплоизолированной камере. Применяется обычно для хранения пищи или предметов, требующих хранения в прохладном месте (лекарства, косметика). Бытовой холодильник имеется почти в каждой семье развитых стран. Работа холодильника основана на использовании теплового насоса, переносящего тепло из рабочей камеры холодильника наружу, где оно рассеивается во внешнюю среду. Существуют также промышленные холодильники, объём рабочей камеры которых, может достигать десятков и сотен кубометров, они используются, например, на предприятиях общественного питания, мясокомбинатах, промышленных производствах.', '3');
INSERT INTO `products` VALUES ('4', '11111-1114', 'holodilnik-s-nizhnei-morozilnoi-kameroi-lg-ga-m409sara', 'Холодильник с нижней морозильной камерой LG GA-M409SARA', 'Холодильник с нижней морозильной камерой LG GA-M409SARA', 'LG GA-M409SARA купить, LG GA-M409SARA цена, LG GA-M409SARA Москва, Холодильник с нижней морозильной камерой LG GA-M409SARA интернет магазин, LG GA-M409SARA продажа, LG GA-M409SARA заказ, LG GA-M409SARA доставка, LG GA-M409SARA в подарок, LG GA-M409SARA в кредит, LG GA-M409SARA аксессуары, LG GA-M409SARA отзывы, LG GA-M409SARA описание, LG GA-M409SARA фото, LG GA-M409SARA инструкции', 'Купить Холодильник с нижней морозильной камерой LG GA-M409SARA по доступной цене в интернет-магазине или в розничной сети магазинов города в Москве. LG GA-M409SARA - аксессуары, отзывы, описание, фото, инструкция. ', '36990', '/images/products/holodilnik-s-nizhnei-morozilnoi-kameroi-lg-ga-m409sara.jpg', 'Холодильник — устройство, поддерживающее низкую температуру в теплоизолированной камере. Применяется обычно для хранения пищи или предметов, требующих хранения в прохладном месте (лекарства, косметика). Бытовой холодильник имеется почти в каждой семье развитых стран. Работа холодильника основана на использовании теплового насоса, переносящего тепло из рабочей камеры холодильника наружу, где оно рассеивается во внешнюю среду. Существуют также промышленные холодильники, объём рабочей камеры которых, может достигать десятков и сотен кубометров, они используются, например, на предприятиях общественного питания, мясокомбинатах, промышленных производствах.', '3');
INSERT INTO `products` VALUES ('5', '11111-1115', 'holodilnik-s-nizhnei-morozilnoi-kameroi-bosch-kgn39vi15r', 'Холодильник с нижней морозильной камерой Bosch KGN39VI15R', 'Холодильник с нижней морозильной камерой Bosch KGN39VI15R', 'Bosch KGN39VI15R купить, Bosch KGN39VI15R цена, Bosch KGN39VI15R Москва, Холодильник с нижней морозильной камерой Bosch KGN39VI15R интернет магазин, Bosch KGN39VI15R продажа, Bosch KGN39VI15R заказ, Bosch KGN39VI15R доставка, Bosch KGN39VI15R в подарок, Bosch KGN39VI15R в кредит, Bosch KGN39VI15R аксессуары, Bosch KGN39VI15R отзывы, Bosch KGN39VI15R описание, Bosch KGN39VI15R фото, Bosch KGN39VI15R инструкции', 'Купить Холодильник с нижней морозильной камерой Bosch KGN39VI15R по доступной цене в интернет-магазине или в розничной сети магазинов города в Москве. Bosch KGN39VI15R - аксессуары, отзывы, описание, фото, инструкция.', '49990', '/images/products/holodilnik-s-nizhnei-morozilnoi-kameroi-bosch-kgn39vi15r.jpg', 'Холодильник — устройство, поддерживающее низкую температуру в теплоизолированной камере. Применяется обычно для хранения пищи или предметов, требующих хранения в прохладном месте (лекарства, косметика). Бытовой холодильник имеется почти в каждой семье развитых стран. Работа холодильника основана на использовании теплового насоса, переносящего тепло из рабочей камеры холодильника наружу, где оно рассеивается во внешнюю среду. Существуют также промышленные холодильники, объём рабочей камеры которых, может достигать десятков и сотен кубометров, они используются, например, на предприятиях общественного питания, мясокомбинатах, промышленных производствах.', '4');
INSERT INTO `products` VALUES ('6', '11111-1116', 'holodilnik-s-nizhnei-morozilnoi-kameroi-samsung-rl55tebvb', 'Холодильник с нижней морозильной камерой Samsung RL55TEBVB', 'Холодильник с нижней морозильной камерой Samsung RL55TEBVB', 'Samsung RL55TEBVB купить, Samsung RL55TEBVB цена, Samsung RL55TEBVB Москва, Холодильник с нижней морозильной камерой Samsung RL55TEBVB интернет магазин, Samsung RL55TEBVB продажа, Samsung RL55TEBVB заказ, Samsung RL55TEBVB доставка, Samsung RL55TEBVB в подарок, Samsung RL55TEBVB в кредит, Samsung RL55TEBVB аксессуары, Samsung RL55TEBVB отзывы, Samsung RL55TEBVB описание, Samsung RL55TEBVB фото, Samsung RL55TEBVB инструкции', 'Купить Холодильник с нижней морозильной камерой Samsung RL55TEBVB по доступной цене в интернет-магазине или в розничной сети магазинов города в Москве. Samsung RL55TEBVB - аксессуары, отзывы, описание, фото, инструкция.', '74990', '/images/products/holodilnik-s-nizhnei-morozilnoi-kameroi-samsung-rl55tebvb.jpg', 'Холодильник — устройство, поддерживающее низкую температуру в теплоизолированной камере. Применяется обычно для хранения пищи или предметов, требующих хранения в прохладном месте (лекарства, косметика). Бытовой холодильник имеется почти в каждой семье развитых стран. Работа холодильника основана на использовании теплового насоса, переносящего тепло из рабочей камеры холодильника наружу, где оно рассеивается во внешнюю среду. Существуют также промышленные холодильники, объём рабочей камеры которых, может достигать десятков и сотен кубометров, они используются, например, на предприятиях общественного питания, мясокомбинатах, промышленных производствах.', '5');
INSERT INTO `products` VALUES ('7', '11111-1117', 'holodilnik-s-nizhnei-morozilnoi-kameroi-indesit-bia-18', 'Холодильник с нижней морозильной камерой Indesit BIA 18', 'Холодильник с нижней морозильной камерой Indesit BIA 18', 'Indesit BIA 18 купить, Indesit BIA 18 цена, Indesit BIA 18 Москва, Холодильник с нижней морозильной камерой Indesit BIA 18 интернет магазин, Indesit BIA 18 продажа, Indesit BIA 18 заказ, Indesit BIA 18 доставка, Indesit BIA 18 в подарок, Indesit BIA 18 в кредит, Indesit BIA 18 аксессуары, Indesit BIA 18 отзывы, Indesit BIA 18 описание, Indesit BIA 18 фото, Indesit BIA 18 инструкции', 'Купить Холодильник с нижней морозильной камерой Indesit BIA 18 по доступной цене в интернет-магазине или в розничной сети магазинов города в Москве. Indesit BIA 18 - аксессуары, отзывы, описание, фото, инструкция.', '22890', '/images/products/holodilnik-s-nizhnei-morozilnoi-kameroi-indesit-bia-18.jpg', 'Холодильник — устройство, поддерживающее низкую температуру в теплоизолированной камере. Применяется обычно для хранения пищи или предметов, требующих хранения в прохладном месте (лекарства, косметика). Бытовой холодильник имеется почти в каждой семье развитых стран. Работа холодильника основана на использовании теплового насоса, переносящего тепло из рабочей камеры холодильника наружу, где оно рассеивается во внешнюю среду. Существуют также промышленные холодильники, объём рабочей камеры которых, может достигать десятков и сотен кубометров, они используются, например, на предприятиях общественного питания, мясокомбинатах, промышленных производствах.', '1');

-- ----------------------------
-- Table structure for products_categories
-- ----------------------------
DROP TABLE IF EXISTS `products_categories`;
CREATE TABLE `products_categories` (
  `id` int(10) unsigned NOT NULL AUTO_INCREMENT,
  `product_id` int(10) unsigned NOT NULL,
  `category_id` int(10) unsigned NOT NULL,
  PRIMARY KEY (`id`),
  KEY `product_id` (`product_id`),
  KEY `category_id` (`category_id`),
  CONSTRAINT `products_categories_ibfk_1` FOREIGN KEY (`product_id`) REFERENCES `products` (`id`) ON DELETE CASCADE ON UPDATE CASCADE,
  CONSTRAINT `products_categories_ibfk_2` FOREIGN KEY (`category_id`) REFERENCES `categories` (`id`) ON DELETE CASCADE ON UPDATE CASCADE
) ENGINE=InnoDB AUTO_INCREMENT=22 DEFAULT CHARSET=utf8;

-- ----------------------------
-- Records of products_categories
-- ----------------------------
INSERT INTO `products_categories` VALUES ('1', '1', '1');
INSERT INTO `products_categories` VALUES ('2', '1', '2');
INSERT INTO `products_categories` VALUES ('3', '1', '6');
INSERT INTO `products_categories` VALUES ('4', '2', '1');
INSERT INTO `products_categories` VALUES ('5', '2', '2');
INSERT INTO `products_categories` VALUES ('6', '2', '6');
INSERT INTO `products_categories` VALUES ('7', '3', '1');
INSERT INTO `products_categories` VALUES ('8', '3', '2');
INSERT INTO `products_categories` VALUES ('9', '3', '7');
INSERT INTO `products_categories` VALUES ('10', '4', '1');
INSERT INTO `products_categories` VALUES ('11', '4', '2');
INSERT INTO `products_categories` VALUES ('12', '4', '6');
INSERT INTO `products_categories` VALUES ('13', '5', '1');
INSERT INTO `products_categories` VALUES ('14', '5', '2');
INSERT INTO `products_categories` VALUES ('15', '5', '6');
INSERT INTO `products_categories` VALUES ('16', '6', '1');
INSERT INTO `products_categories` VALUES ('17', '6', '2');
INSERT INTO `products_categories` VALUES ('18', '6', '6');
INSERT INTO `products_categories` VALUES ('19', '7', '1');
INSERT INTO `products_categories` VALUES ('20', '7', '2');
INSERT INTO `products_categories` VALUES ('21', '7', '6');

-- ----------------------------
-- Table structure for users
-- ----------------------------
DROP TABLE IF EXISTS `users`;
CREATE TABLE `users` (
  `id` int(10) unsigned NOT NULL AUTO_INCREMENT,
  `name` varchar(50) NOT NULL,
  `lastname` varchar(50) NOT NULL,
  `tel` varchar(25) DEFAULT NULL,
  `email` varchar(25) NOT NULL,
  `password` varchar(255) NOT NULL,
  `users_group` int(11) unsigned NOT NULL,
  `date_reg` datetime NOT NULL,
  `is_activated` tinyint(1) DEFAULT NULL,
  PRIMARY KEY (`id`),
  KEY `users_group` (`users_group`),
  CONSTRAINT `users_ibfk_1` FOREIGN KEY (`users_group`) REFERENCES `users_groups` (`id`) ON DELETE CASCADE ON UPDATE CASCADE
) ENGINE=InnoDB AUTO_INCREMENT=12 DEFAULT CHARSET=utf8;

-- ----------------------------
-- Records of users
-- ----------------------------
INSERT INTO `users` VALUES ('1', 'Николай', 'Пойманов', null, 'n.poymanov@gmail.com', '', '1', '2015-12-25 23:12:29', '1');
INSERT INTO `users` VALUES ('11', 'мвып', 'мвып', 'рвар', 'cart@cart.ru', '$2y$10$B9Cs0TSQqzHzizoHmOItj.ZfX67LwGuCJz7YUvap4ZAkxQxVMpniK', '2', '2015-12-26 00:32:54', '1');

-- ----------------------------
-- Table structure for users_groups
-- ----------------------------
DROP TABLE IF EXISTS `users_groups`;
CREATE TABLE `users_groups` (
  `id` int(10) unsigned NOT NULL AUTO_INCREMENT,
  `name` varchar(25) NOT NULL,
  PRIMARY KEY (`id`)
) ENGINE=InnoDB AUTO_INCREMENT=3 DEFAULT CHARSET=utf8;

-- ----------------------------
-- Records of users_groups
-- ----------------------------
INSERT INTO `users_groups` VALUES ('1', 'Администраторы');
INSERT INTO `users_groups` VALUES ('2', 'Зарегистрированные');
